-- 中北大学宿舍管理系统测试数据
-- 清空所有表并重新插入中北大学真实数据

USE dormitory_management;

-- 插入管理员用户
INSERT INTO user (user_id, password, user_type) VALUES
('admin', '123456', '管理员');

-- 插入宿舍楼数据 (中北大学真实宿舍楼)
INSERT INTO dormitory (dorm_id, building, floor, capacity, manager_name, manager_phone) VALUES
-- A栋 (男生宿舍)
('A101', 'A栋', 1, 4, '张主任', '13834567890'),
('A102', 'A栋', 1, 4, '张主任', '13834567890'),
('A103', 'A栋', 1, 4, '张主任', '13834567890'),
('A104', 'A栋', 1, 4, '张主任', '13834567890'),
('A105', 'A栋', 1, 4, '张主任', '13834567890'),
('A201', 'A栋', 2, 6, '张主任', '13834567890'),
('A202', 'A栋', 2, 6, '张主任', '13834567890'),
('A203', 'A栋', 2, 6, '张主任', '13834567890'),

-- B栋 (男生宿舍)
('B101', 'B栋', 1, 4, '李主任', '13834567891'),
('B102', 'B栋', 1, 4, '李主任', '13834567891'),
('B103', 'B栋', 1, 4, '李主任', '13834567891'),
('B104', 'B栋', 1, 4, '李主任', '13834567891'),
('B201', 'B栋', 2, 6, '李主任', '13834567891'),
('B202', 'B栋', 2, 6, '李主任', '13834567891'),

-- C栋 (男生宿舍)
('C101', 'C栋', 1, 4, '王主任', '13834567892'),
('C102', 'C栋', 1, 4, '王主任', '13834567892'),
('C103', 'C栋', 1, 4, '王主任', '13834567892'),
('C201', 'C栋', 2, 6, '王主任', '13834567892'),
('C202', 'C栋', 2, 6, '王主任', '13834567892'),

-- D栋 (男生宿舍)
('D101', 'D栋', 1, 4, '赵主任', '13834567893'),
('D102', 'D栋', 1, 4, '赵主任', '13834567893'),
('D201', 'D栋', 2, 6, '赵主任', '13834567893'),

-- E栋 (男生宿舍)
('E101', 'E栋', 1, 4, '刘主任', '13834567894'),
('E102', 'E栋', 1, 4, '刘主任', '13834567894'),
('E201', 'E栋', 2, 6, '刘主任', '13834567894'),

-- F栋 (男生宿舍)
('F101', 'F栋', 1, 4, '陈主任', '13834567895'),
('F102', 'F栋', 1, 4, '陈主任', '13834567895'),

-- G栋 (男生宿舍)
('G101', 'G栋', 1, 4, '孙主任', '13834567896'),
('G102', 'G栋', 1, 4, '孙主任', '13834567896'),

-- H栋 (女生宿舍)
('H101', 'H栋', 1, 4, '周主任', '13834567897'),
('H102', 'H栋', 1, 4, '周主任', '13834567897'),
('H201', 'H栋', 2, 6, '周主任', '13834567897'),

-- J栋 (女生宿舍)
('J101', 'J栋', 1, 4, '吴主任', '13834567898'),
('J102', 'J栋', 1, 4, '吴主任', '13834567898'),

-- K栋 (女生宿舍)
('K101', 'K栋', 1, 4, '郑主任', '13834567899'),
('K102', 'K栋', 1, 4, '郑主任', '13834567899');

-- 插入床位数据
INSERT INTO bed (bed_id, dorm_id, status, student_id) VALUES
-- A栋床位
('A101-01', 'A101', '占用', NULL),
('A101-02', 'A101', '占用', NULL),
('A101-03', 'A101', '占用', NULL),
('A101-04', 'A101', '占用', NULL),
('A102-01', 'A102', '占用', NULL),
('A102-02', 'A102', '占用', NULL),
('A102-03', 'A102', '占用', NULL),
('A102-04', 'A102', '占用', NULL),
('A103-01', 'A103', '占用', NULL),
('A103-02', 'A103', '占用', NULL),
('A103-03', 'A103', '占用', NULL),
('A103-04', 'A103', '占用', NULL),
('A201-01', 'A201', '占用', NULL),
('A201-02', 'A201', '占用', NULL),
('A201-03', 'A201', '占用', NULL),
('A201-04', 'A201', '占用', NULL),
('A201-05', 'A201', '占用', NULL),
('A201-06', 'A201', '占用', NULL),

-- B栋床位
('B101-01', 'B101', '占用', NULL),
('B101-02', 'B101', '占用', NULL),
('B101-03', 'B101', '占用', NULL),
('B101-04', 'B101', '占用', NULL),
('B201-01', 'B201', '占用', NULL),
('B201-02', 'B201', '占用', NULL),
('B201-03', 'B201', '占用', NULL),
('B201-04', 'B201', '占用', NULL),
('B201-05', 'B201', '占用', NULL),
('B201-06', 'B201', '占用', NULL),

-- C栋床位
('C101-01', 'C101', '占用', NULL),
('C101-02', 'C101', '占用', NULL),
('C101-03', 'C101', '占用', NULL),
('C101-04', 'C101', '占用', NULL),
('C201-01', 'C201', '占用', NULL),
('C201-02', 'C201', '占用', NULL),
('C201-03', 'C201', '占用', NULL),
('C201-04', 'C201', '占用', NULL),
('C201-05', 'C201', '占用', NULL),
('C201-06', 'C201', '占用', NULL),

-- 其他宿舍的床位设为空闲
('D101-01', 'D101', '空闲', NULL),
('D101-02', 'D101', '空闲', NULL),
('D101-03', 'D101', '空闲', NULL),
('D101-04', 'D101', '空闲', NULL),
('E101-01', 'E101', '空闲', NULL),
('E101-02', 'E101', '空闲', NULL),
('E101-03', 'E101', '空闲', NULL),
('E101-04', 'E101', '空闲', NULL),
('H101-01', 'H101', '空闲', NULL),
('H101-02', 'H101', '空闲', NULL),
('H101-03', 'H101', '空闲', NULL),
('H101-04', 'H101', '空闲', NULL);

-- 插入学生数据 (中北大学真实学号格式)
INSERT INTO student (student_id, password, name, college_name, class_name, gender, birthday, email, phone, bed_id) VALUES
-- 计算机学院学生
('2413041837', '123456', '任万博', '计算机学院', '计算机2101', '男', '2004-05-15', 'renwanbo@nuc.edu.cn', '13834561234', 'A101-01'),
('2413041801', '123456', '张三', '计算机学院', '计算机2101', '男', '2004-03-12', 'zhangsan@nuc.edu.cn', '13834561235', 'A101-02'),
('2413041802', '123456', '李四', '计算机学院', '计算机2101', '男', '2004-07-22', 'lisi@nuc.edu.cn', '13834561236', 'A101-03'),
('2413041803', '123456', '王五', '计算机学院', '计算机2101', '男', '2004-01-08', 'wangwu@nuc.edu.cn', '13834561237', 'A101-04'),
('2413041804', '123456', '赵六', '计算机学院', '计算机2102', '男', '2004-11-30', 'zhaoliu@nuc.edu.cn', '13834561238', 'A102-01'),
('2413041805', '123456', '孙七', '计算机学院', '计算机2102', '男', '2004-09-14', 'sunqi@nuc.edu.cn', '13834561239', 'A102-02'),
('2413041806', '123456', '周八', '计算机学院', '计算机2102', '男', '2004-06-25', 'zhouba@nuc.edu.cn', '13834561240', 'A102-03'),
('2413041807', '123456', '吴九', '计算机学院', '计算机2102', '男', '2004-04-16', 'wujiu@nuc.edu.cn', '13834561241', 'A102-04'),

-- 机电学院学生
('2413051801', '123456', 'Chen Shi', 'Mechatronics', 'ME2101', 'M', '2004-08-20', 'chenshi@nuc.edu.cn', '13834561242', 'A103-01'),
('2413051802', '123456', '郑十一', '机电学院', '机电2101', '男', '2004-02-28', 'zhengshiyi@nuc.edu.cn', '13834561243', 'A103-02'),
('2413051803', '123456', '王十二', '机电学院', '机电2101', '男', '2004-12-05', 'wangshier@nuc.edu.cn', '13834561244', 'A103-03'),
('2413051804', '123456', '李十三', '机电学院', '机电2101', '男', '2004-10-18', 'lishisan@nuc.edu.cn', '13834561245', 'A103-04'),
('2413051805', '123456', '张十四', '机电学院', '机电2102', '男', '2004-07-09', 'zhangshisi@nuc.edu.cn', '13834561246', 'A201-01'),
('2413051806', '123456', '刘十五', '机电学院', '机电2102', '男', '2004-05-27', 'liushiwu@nuc.edu.cn', '13834561247', 'A201-02'),
('2413051807', '123456', '杨十六', '机电学院', '机电2102', '男', '2004-03-31', 'yangshiliu@nuc.edu.cn', '13834561248', 'A201-03'),
('2413051808', '123456', '黄十七', '机电学院', '机电2102', '男', '2004-01-14', 'huangshiqi@nuc.edu.cn', '13834561249', 'A201-04'),

-- 材料学院学生
('2413061801', '123456', 'Lin Shiba', 'Materials Science', 'MAT2101', 'M', '2004-09-22', 'linshiba@nuc.edu.cn', '13834561250', 'A201-05'),
('2413061802', '123456', 'Xu Shijiu', 'Materials Science', 'MAT2101', 'M', '2004-11-11', 'xushijiu@nuc.edu.cn', '13834561251', 'A201-06'),
('2413061803', '123456', 'Zhu Er', 'Materials Science', 'MAT2101', 'M', '2004-06-03', 'zhuer@nuc.edu.cn', '13834561252', 'A202-01'),
('2413061804', '123456', 'Qin Er', 'Materials Science', 'MAT2101', 'M', '2004-04-17', 'qiner@nuc.edu.cn', '13834561253', 'A202-02'),
('2413061805', '123456', 'You Erer', 'Materials Science', 'MAT2102', 'M', '2004-08-29', 'youerer@nuc.edu.cn', '13834561254', 'A202-03'),

-- 电子学院学生
('2413071801', '123456', 'Xu Ersan', 'Electronic Engineering', 'EE2101', 'M', '2004-02-10', 'xuersan@nuc.edu.cn', '13834561255', 'A202-04'),
('2413071802', '123456', 'He Ersi', 'Electronic Engineering', 'EE2101', 'M', '2004-12-07', 'heersi@nuc.edu.cn', '13834561256', 'A202-05'),
('2413071803', '123456', 'Lv Erwu', 'Electronic Engineering', 'EE2101', 'M', '2004-10-25', 'lvuer@nuc.edu.cn', '13834561257', 'A202-06'),
('2413071804', '123456', 'Shi Erliu', 'Electronic Engineering', 'EE2101', 'M', '2004-07-19', 'shierliu@nuc.edu.cn', '13834561258', 'A203-01'),

-- 自动化学院学生
('2413081801', '123456', 'Zhang Ershi', 'Automation', 'AUTO2101', 'M', '2004-05-08', 'zhangershi@nuc.edu.cn', '13834561259', 'A203-02'),
('2413081802', '123456', 'Kong Ershi', 'Automation', 'AUTO2101', 'M', '2004-03-21', 'kongershi@nuc.edu.cn', '13834561260', 'A203-03'),
('2413081803', '123456', 'Cao Ershijiu', 'Automation', 'AUTO2101', 'M', '2004-01-30', 'caoershijiu@nuc.edu.cn', '13834561261', 'A203-04'),
('2413081804', '123456', 'Yan Shi', 'Automation', 'AUTO2101', 'M', '2004-09-15', 'yanshi@nuc.edu.cn', '13834561262', 'A203-05'),
('2413081805', '123456', 'Hua Sanyi', 'Automation', 'AUTO2101', 'M', '2004-11-28', 'huasanyi@nuc.edu.cn', '13834561263', 'A203-06'),

-- 机械学院学生
('2413091801', '123456', 'Jin Saner', 'Mechanical Engineering', 'MECH2101', 'M', '2004-06-12', 'jinsaner@nuc.edu.cn', '13834561264', 'B101-01'),
('2413091802', '123456', 'Wei Sansi', 'Mechanical Engineering', 'MECH2101', 'M', '2004-04-26', 'weisansi@nuc.edu.cn', '13834561265', 'B101-02'),
('2413091803', '123456', 'Tao Sansi', 'Mechanical Engineering', 'MECH2101', 'M', '2004-08-03', 'taosansi@nuc.edu.cn', '13834561266', 'B101-03'),
('2413091804', '123456', 'Jiang Sanwu', 'Mechanical Engineering', 'MECH2101', 'M', '2004-02-14', 'jiangsanwu@nuc.edu.cn', '13834561267', 'B101-04'),

-- 女生宿舍
('2413101801', '123456', 'Qi Saniu', 'Information Engineering', 'INFO2101', 'F', '2004-10-09', 'qisaniu@nuc.edu.cn', '13834561268', 'H101-01'),
('2413101802', '123456', 'Xie Sanqi', 'Information Engineering', 'INFO2101', 'F', '2004-12-01', 'xiesanqi@nuc.edu.cn', '13834561269', 'H101-02'),
('2413101803', '123456', 'Zou Sanba', 'Information Engineering', 'INFO2101', 'F', '2004-07-24', 'zousanba@nuc.edu.cn', '13834561270', 'H101-03'),
('2413101804', '123456', 'Yu Sanjiu', 'Information Engineering', 'INFO2101', 'F', '2004-05-06', 'yusanjju@nuc.edu.cn', '13834561271', 'H101-04');

-- 更新床位表中的学生ID
UPDATE bed SET student_id = CASE bed_id
    WHEN 'A101-01' THEN '2413041837'
    WHEN 'A101-02' THEN '2413041801'
    WHEN 'A101-03' THEN '2413041802'
    WHEN 'A101-04' THEN '2413041803'
    WHEN 'A102-01' THEN '2413041804'
    WHEN 'A102-02' THEN '2413041805'
    WHEN 'A102-03' THEN '2413041806'
    WHEN 'A102-04' THEN '2413041807'
    WHEN 'A103-01' THEN '2413051801'
    WHEN 'A103-02' THEN '2413051802'
    WHEN 'A103-03' THEN '2413051803'
    WHEN 'A103-04' THEN '2413051804'
    WHEN 'A201-01' THEN '2413051805'
    WHEN 'A201-02' THEN '2413051806'
    WHEN 'A201-03' THEN '2413051807'
    WHEN 'A201-04' THEN '2413051808'
    WHEN 'A201-05' THEN '2413061801'
    WHEN 'A201-06' THEN '2413061802'
    WHEN 'A202-01' THEN '2413061803'
    WHEN 'A202-02' THEN '2413061804'
    WHEN 'A202-03' THEN '2413061805'
    WHEN 'A202-04' THEN '2413071801'
    WHEN 'A202-05' THEN '2413071802'
    WHEN 'A202-06' THEN '2413071803'
    WHEN 'A203-01' THEN '2413071804'
    WHEN 'A203-02' THEN '2413081801'
    WHEN 'A203-03' THEN '2413081802'
    WHEN 'A203-04' THEN '2413081803'
    WHEN 'A203-05' THEN '2413081804'
    WHEN 'A203-06' THEN '2413081805'
    WHEN 'B101-01' THEN '2413091801'
    WHEN 'B101-02' THEN '2413091802'
    WHEN 'B101-03' THEN '2413091803'
    WHEN 'B101-04' THEN '2413091804'
    WHEN 'H101-01' THEN '2413101801'
    WHEN 'H101-02' THEN '2413101802'
    WHEN 'H101-03' THEN '2413101803'
    WHEN 'H101-04' THEN '2413101804'
    ELSE NULL
END WHERE bed_id IN ('A101-01','A101-02','A101-03','A101-04','A102-01','A102-02','A102-03','A102-04','A103-01','A103-02','A103-03','A103-04','A201-01','A201-02','A201-03','A201-04','A201-05','A201-06','A202-01','A202-02','A202-03','A202-04','A202-05','A202-06','A203-01','A203-02','A203-03','A203-04','A203-05','A203-06','B101-01','B101-02','B101-03','B101-04','H101-01','H101-02','H101-03','H101-04');

-- 插入学生用户账户
INSERT INTO user (user_id, password, user_type) VALUES
('2413041837', '123456', 'student'),
('2413041801', '123456', 'student'),
('2413041802', '123456', 'student'),
('2413041803', '123456', 'student'),
('2413041804', '123456', 'student'),
('2413041805', '123456', 'student'),
('2413041806', '123456', 'student'),
('2413041807', '123456', 'student'),
('2413051801', '123456', 'student'),
('2413051802', '123456', 'student'),
('2413051803', '123456', 'student'),
('2413051804', '123456', 'student'),
('2413051805', '123456', 'student'),
('2413051806', '123456', 'student'),
('2413051807', '123456', 'student'),
('2413051808', '123456', 'student'),
('2413061801', '123456', 'student'),
('2413061802', '123456', 'student'),
('2413061803', '123456', 'student'),
('2413061804', '123456', 'student'),
('2413061805', '123456', 'student'),
('2413071801', '123456', 'student'),
('2413071802', '123456', 'student'),
('2413071803', '123456', 'student'),
('2413071804', '123456', 'student'),
('2413081801', '123456', 'student'),
('2413081802', '123456', 'student'),
('2413081803', '123456', 'student'),
('2413081804', '123456', 'student'),
('2413081805', '123456', 'student'),
('2413091801', '123456', 'student'),
('2413091802', '123456', 'student'),
('2413091803', '123456', 'student'),
('2413091804', '123456', 'student'),
('2413101801', '123456', 'student'),
('2413101802', '123456', 'student'),
('2413101803', '123456', 'student'),
('2413101804', '123456', 'student');

-- 插入缴费记录
INSERT INTO payment (payment_id, student_id, amount, payment_date, semester, status) VALUES
('PAY001', '2413041837', 1200.00, '2024-09-01', '2024-2025学年第一学期', '已缴'),
('PAY002', '2413041801', 1200.00, '2024-09-02', '2024-2025学年第一学期', '已缴'),
('PAY003', '2413041802', 1200.00, '2024-09-03', '2024-2025学年第一学期', '已缴'),
('PAY004', '2413041803', 1200.00, '2024-09-01', '2024-2025学年第一学期', '已缴'),
('PAY005', '2413041804', 1200.00, '2024-09-02', '2024-2025学年第一学期', '已缴'),
('PAY006', '2413041805', 1200.00, '2024-09-03', '2024-2025学年第一学期', '已缴'),
('PAY007', '2413041806', 1200.00, '2024-09-01', '2024-2025学年第一学期', '已缴'),
('PAY008', '2413041807', 1200.00, '2024-09-02', '2024-2025学年第一学期', '已缴'),
('PAY009', '2413051801', 1200.00, '2024-09-03', '2024-2025学年第一学期', '已缴'),
('PAY010', '2413051802', 1200.00, '2024-09-01', '2024-2025学年第一学期', '已缴'),
('PAY011', '2413051803', 1200.00, '2024-09-02', '2024-2025学年第一学期', '已缴'),
('PAY012', '2413051804', 1200.00, '2024-09-03', '2024-2025学年第一学期', '已缴'),
('PAY013', '2413051805', 1200.00, '2024-09-01', '2024-2025学年第一学期', '已缴'),
('PAY014', '2413051806', 1200.00, '2024-09-02', '2024-2025学年第一学期', '已缴'),
('PAY015', '2413051807', 1200.00, '2024-09-03', '2024-2025学年第一学期', '已缴'),
('PAY016', '2413051808', 1200.00, '2024-09-01', '2024-2025学年第一学期', '已缴'),
('PAY017', '2413061801', 1200.00, '2024-09-02', '2024-2025学年第一学期', '已缴'),
('PAY018', '2413061802', 1200.00, '2024-09-03', '2024-2025学年第一学期', '已缴'),
('PAY019', '2413061803', 1200.00, '2024-09-01', '2024-2025学年第一学期', '已缴'),
('PAY020', '2413061804', 1200.00, '2024-09-02', '2024-2025学年第一学期', '已缴'),
-- 一些未缴费的记录
('PAY021', '2413071801', 1200.00, NULL, '2024-2025学年第一学期', '未缴'),
('PAY022', '2413071802', 1200.00, NULL, '2024-2025学年第一学期', '未缴'),
('PAY023', '2413081801', 1200.00, NULL, '2024-2025学年第一学期', '未缴'),
('PAY024', '2413091801', 1200.00, NULL, '2024-2025学年第一学期', '未缴'),
('PAY025', '2413101801', 1200.00, NULL, '2024-2025学年第一学期', '未缴');

-- 插入违纪记录
INSERT INTO violation (violation_id, student_id, description, violation_date, penalty) VALUES
('VIO001', '2413041802', 'Late return to dormitory', '2024-09-15', 'Verbal warning'),
('VIO002', '2413041805', 'Smoking in dormitory', '2024-09-20', 'Demerit points'),
('VIO003', '2413051803', 'Unauthorized accommodation of outsiders', '2024-09-25', 'Serious warning'),
('VIO004', '2413061801', 'Unsatisfactory dormitory hygiene', '2024-10-01', 'Verbal warning'),
('VIO005', '2413071802', 'Noisy at night disturbing others rest', '2024-10-05', 'Warning'),
('VIO006', '2413081801', 'Unauthorized replacement of dormitory facilities', '2024-10-10', 'Demerit points'),
('VIO007', '2413091802', 'Unauthorized use of high-power appliances', '2024-10-15', 'Warning'),
('VIO008', '2413101801', 'Late return to dormitory', '2024-10-20', 'Verbal warning');

-- 插入维修申请记录
INSERT INTO repair_application (apply_id, student_id, fault_location, fault_desc, contact_phone, apply_time, status, handler, finish_time) VALUES
('REP001', '2413041837', 'A栋101宿舍', '台灯不亮，无法正常使用', '13834561234', '2024-09-10 14:30:00', 'completed', '张主任', '2024-09-11 10:00:00'),
('REP002', '2413041801', 'A栋101宿舍', '风扇转动时发出异响', '13834561235', '2024-09-12 16:20:00', 'completed', '张主任', '2024-09-13 09:30:00'),
('REP003', '2413041804', 'A栋102宿舍', '饮水机漏水', '13834561238', '2024-09-15 11:45:00', 'accepted', '张主任', NULL),
('REP004', '2413051802', 'A栋103宿舍', '空调遥控器失灵', '13834561243', '2024-09-18 13:15:00', 'repairing', '张主任', NULL),
('REP005', '2413061801', 'A栋201宿舍', '卫生间下水道堵塞', '13834561250', '2024-09-20 10:30:00', 'pending', NULL, NULL),
('REP006', '2413071803', 'A栋202宿舍', '电热水器显示屏损坏', '13834561257', '2024-09-22 15:20:00', 'pending', NULL, NULL),
('REP007', '2413081801', 'A栋203宿舍', '阳台窗户锁扣损坏', '13834561259', '2024-09-25 12:10:00', 'pending', NULL, NULL),
('REP008', '2413091802', 'B栋101宿舍', '书桌抽屉卡住', '13834561265', '2024-09-28 14:45:00', 'completed', '李主任', '2024-09-29 11:20:00'),
('REP009', '2413101801', 'H栋101宿舍', '衣柜门铰链松动', '13834561268', '2024-10-01 16:30:00', 'accepted', '周主任', NULL),
('REP010', '2413101803', 'H栋101宿舍', '床铺床板损坏', '13834561270', '2024-10-03 13:50:00', 'pending', NULL, NULL);